<?xml version="1.0" encoding="UTF-8"?>
<project-private xmlns="http://www.netbeans.org/ns/project-private/1">
    <editor-bookmarks xmlns="http://www.netbeans.org/ns/editor-bookmarks/2" lastBookmarkId="0"/>
    <open-files xmlns="http://www.netbeans.org/ns/projectui-open-files/2">
        <group>
            <file>file:/C:/Users/Lab10/Documents/NetBeansProjects/pagoHorasWeb/web/index.html</file>
            <file>file:/C:/Users/Lab10/Documents/NetBeansProjects/pagoHorasWeb/src/java/modelo/Datos.java</file>
            <file>file:/C:/Users/Lab10/Documents/NetBeansProjects/pagoHorasWeb/src/java/controlador/Control.java</file>
            <file>file:/C:/Users/Lab10/Documents/NetBeansProjects/pagoHorasWeb/src/java/modelo/Procesos.java</file>
        </group>
    </open-files>
</project-private>
